"Post ID","Account ID","Account username","Account name",Description,"Duration (secs)","Publish time",Permalink,"Post type","Data comment",Date,Views,Reach,Likes,Shares,Follows,Comments,Saves
18064604962945824,17841455248441026,yellowbumblebeegt,"VW Bumblebee GT","Bus itna mil jaaye aur kya hi chahiye ? 

#yellowbumblebeegt
#carguys#cargirls
#cargasm#carlife #carkids #virtusgt #2025 #friends #friendships #love #relationships #virtustsi",11,"03/30/2025 01:20",https://www.instagram.com/reel/DH0QtM1gbHg/,"IG reel",,Lifetime,3769,6325,187,27,1,4,21
18218778322288942,17841455248441026,yellowbumblebeegt,"VW Bumblebee GT","German 🇩🇪 car is a must 

#yellowbumblebeegt 
#carguys#cargirls #cargasm#carlife #carkids #virtusgt #2025 #friends #friendships #love #relationships #virtustsi #friendship",0,"03/30/2025 01:30",https://www.instagram.com/p/DH0RzNmNpeg/,"IG image",,Lifetime,72089,59087,4161,1799,9,19,305
18019842173488059,17841455248441026,yellowbumblebeegt,"VW Bumblebee GT","Like a boss ;) 

#yellowbumblebeegt
#carguys#cargirls #cargasm#carlife #carkids #virtusgt #2025 #friends #friendships #love #relationships #virtustsi #friendship",4,"03/30/2025 05:25",https://www.instagram.com/reel/DH0sqP7NHn5/,"IG reel",,Lifetime,5399,6934,173,27,2,0,22
18066531880900613,17841455248441026,yellowbumblebeegt,"VW Bumblebee GT","I guess this’ll work 

#yellowbumblebeegt #carguys #cargirls #lovelife #auto #cargasm #virtusgt #benz #s500 #mercedes #mercedesbenz #germancars",7,"03/30/2025 05:25",https://www.instagram.com/reel/DH0srenNsD3/,"IG reel",,Lifetime,5882,7777,327,7,1,2,10
18074876383747366,17841455248441026,yellowbumblebeegt,"VW Bumblebee GT","Ab jo hai so hai 

#yellowbumblebeegt
#carguys#cargirls
#cargasm#carlife #carkids #virtusgt #2025 #friends #friendships #love #relationships #virtustsi",8,"03/31/2025 00:15",https://www.instagram.com/reel/DH2uAM1gCo5/,"IG reel",,Lifetime,5512,3264,348,35,,12,28
18037099058231248,17841455248441026,yellowbumblebeegt,"VW Bumblebee GT","That's what sets you apart 💡

#yellowbumblebeegt
#carguys#cargirls #cargasm#carlife #carkids #virtusgt #2025 #friends #friendships #love #relationships #virtustsi #friendship",5,"03/31/2025 05:25",https://www.instagram.com/reel/DH3Rbr0gMzP/,"IG reel",,Lifetime,3998,5576,116,22,1,2,3
18054513436929276,17841455248441026,yellowbumblebeegt,"VW Bumblebee GT","My day is better when I’m with you ;) 

#yellowbumblebeegt
#carguys#cargirls #cargasm#carlife #carkids #virtusgt #2025 #friends #friendships #love #relationships #virtustsi #friendship",0,"04/01/2025 01:30",https://www.instagram.com/p/DH5baEZN4B4/,"IG image",,Lifetime,5838,4039,331,24,1,1,18
18061696145293633,17841455248441026,yellowbumblebeegt,"VW Bumblebee GT","lol 🤣 Virtus joyride, anyone?

#yellowbumblebeegt
#carguys#cargirls
#cargasm#carlife #carkids #virtusgt #2025 #friends #friendships #love #relationships #virtustsi",10,"04/01/2025 05:20",https://www.instagram.com/reel/DH51wGpgvZx/,"IG reel",,Lifetime,3610,5999,99,2,1,1,3
18182543425315415,17841455248441026,yellowbumblebeegt,"VW Bumblebee GT","What’s the top speed you’re going ?? 

#yellowbumblebeegt
#carguys#cargirls
#cargasm#carlife #carkids #mercedes #2025 #friends #friendships #love #relationships #benz #s500",5,"04/02/2025 00:30",https://www.instagram.com/reel/DH75WxGgPZA/,"IG reel",,Lifetime,5469,9890,112,24,,10,2
18071354206870208,17841455248441026,yellowbumblebeegt,"VW Bumblebee GT","The one and only Virtus god 👑

#yellowbumblebeegt
#carguys#cargirls
#cargasm#carlife #carkids #virtusgt #2025 #friends #friendships #love #relationships #virtustsi",12,"04/02/2025 05:20",https://www.instagram.com/reel/DH8aimwgivD/,"IG reel",,Lifetime,2949,1995,186,16,,2,5
18274286920250017,17841455248441026,yellowbumblebeegt,"VW Bumblebee GT","Virtus in my life brings that joy 

#FatedEncounter#yellowbumblebeegt
#carguys#cargirls #cargasm#carlife #carkids #virtusgt #2025 #friends #friendships #love #relationships #virtustsi #friendship",0,"04/03/2025 01:15",https://www.instagram.com/p/DH-jNKnNnZR/,"IG carousel",,Lifetime,77843,57996,2499,755,7,12,113
17947834469953880,17841455248441026,yellowbumblebeegt,"VW Bumblebee GT","Confession time: who else is literally obsessed with their ride? 🚗❤️ We're talking day and night, people! #CarObsession #RideOrDie#yellowbumblebeegt
#carguys#cargirls
#cargasm#carlife #carkids #virtusgt #2025 #friends #friendships #love #relationships #virtustsi",6,"04/03/2025 05:20",https://www.instagram.com/reel/DH-_SvcAgoI/,"IG reel",,Lifetime,4922,2800,199,24,,1,13
18038768999625138,17841455248441026,yellowbumblebeegt,"VW Bumblebee GT","Chalo mere saath long drive pe chalenge tumhari pasandida jagah 🏔️🌊🌅🌻

#yellowbumblebeegt
#carguys#cargirls
#cargasm#carlife #carkids #virtusgt #2025 #friends #friendships #love #relationships #virtustsi",8,"04/04/2025 00:30",https://www.instagram.com/reel/DIBC3keAicz/,"IG reel",,Lifetime,3497,2328,147,26,1,2,7
17850822318428073,17841455248441026,yellowbumblebeegt,"VW Bumblebee GT","Let’s try the magic ✨ 

#yellowbumblebeegt
#carguys#cargirls
#cargasm#carlife #carkids #virtusgt #2025 #friends #friendships #love #relationships #volvoxc90",4,"04/04/2025 05:15",https://www.instagram.com/reel/DIBjjd_gLqo/,"IG reel",,Lifetime,2098,1264,21,1,,0,2
17960779601911825,17841455248441026,yellowbumblebeegt,"VW Bumblebee GT","She’s gonna understand it now 🤣 

#FatedEncounter#yellowbumblebeegt
#carguys#cargirls #cargasm#carlife #carkids #virtusgt #2025 #friends #friendships #love #relationships #virtustsi #friendship",0,"04/05/2025 01:15",https://www.instagram.com/p/DIDszNhNY1g/,"IG image",,Lifetime,1366319,1092977,16350,9779,108,183,656
17908630485015269,17841455248441026,yellowbumblebeegt,"VW Bumblebee GT","What’s going ? 

#yellowbumblebeegt
#carguys#cargirls
#cargasm#carlife #carkids #virtusgt #2025 #friends #friendships #love #relationships #virtustsi",5,"04/05/2025 05:15",https://www.instagram.com/reel/DIEISnOAr-I/,"IG reel",,Lifetime,8208,3666,160,4,1,5,6
18037242977608736,17841455248441026,yellowbumblebeegt,"VW Bumblebee GT","What's your top priority? Rank 'em! 💬👇 #FeedbackWelcome
#yellowbumblebeegt
#carguys#cargirls
#cargasm#carlife #carkids #virtusgt #2025 #friends #friendships #love #relationships #virtustsi",8,"04/06/2025 05:15",https://www.instagram.com/reel/DIGtEAvgAWy/,"IG reel",,Lifetime,6755,3996,150,13,,1,7
18072632944889895,17841455248441026,yellowbumblebeegt,"VW Bumblebee GT","My Virtus is my new favorite thing 🤩💕! #VirtusObsessed #FavoriteThing #yellowbumblebeegt
#carguys#cargirls
#cargasm#carlife #carkids #virtusgt #2025 #friends #friendships #love #relationships #virtustsi",17,"04/06/2025 09:18",https://www.instagram.com/reel/DIHIra0AVUa/,"IG reel",,Lifetime,2718,1959,150,3,1,0,5
18015497309700184,17841455248441026,yellowbumblebeegt,"VW Bumblebee GT","I can talk to you all day about my Virtus 

#FatedEncounter#yellowbumblebeegt
#carguys#cargirls #cargasm#carlife #carkids #virtusgt #2025 #friends #friendships #love #relationships #virtustsi #friendship",0,"04/07/2025 01:15",https://www.instagram.com/p/DII2b4rt3V4/,"IG carousel",,Lifetime,5663,3601,324,103,1,0,25
18053237036168233,17841455248441026,yellowbumblebeegt,"VW Bumblebee GT","I’m not gonna live that boring life so here’s one with Virtus 

#FatedEncounter#yellowbumblebeegt
#carguys#cargirls #cargasm#carlife #carkids #virtusgt #2025 #friends #friendships #love #relationships #virtustsi #friendship",0,"04/07/2025 01:15",https://www.instagram.com/p/DII2ZuCtbnu/,"IG carousel",,Lifetime,5752,3802,432,96,,5,25
17861599041311206,17841455248441026,yellowbumblebeegt,"VW Bumblebee GT","Every car guys gallery 

#yellowbumblebeegt
#carguys#cargirls
#cargasm#carlife #carkids #virtusgt #2025 #friends #friendships #love #relationships #virtustsi",9,"04/08/2025 04:55",https://www.instagram.com/reel/DIL0adCNYK4/,"IG reel",,Lifetime,2338,1714,162,1,1,0,8
18094752613540738,17841455248441026,yellowbumblebeegt,"VW Bumblebee GT","Everyone should have a Virtus I highly recommend it if not you’re gonna have this sort of a headache 

#FatedEncounter#yellowbumblebeegt
#carguys#cargirls #cargasm#carlife #carkids #virtusgt #2025 #friends #friendships #love #relationships #virtustsi #friendship",0,"04/09/2025 01:20",https://www.instagram.com/p/DIOAjYstZiX/,"IG carousel",,Lifetime,2915,1753,135,11,,3,4
18062653072994432,17841455248441026,yellowbumblebeegt,"VW Bumblebee GT","There’s another side 

#yellowbumblebeegt
#carguys#cargirls
#cargasm#carlife #carkids #virtusgt #2025 #friends #friendships #love #relationships #virtustsi",11,"04/09/2025 05:00",https://www.instagram.com/reel/DIOZusPtBxJ/,"IG reel",,Lifetime,3468,2199,163,4,,1,9
18060738046841909,17841455248441026,yellowbumblebeegt,"VW Bumblebee GT","Virtus always 🤗

#yellowbumblebeegt
#carguys#cargirls
#cargasm#carlife #carkids #virtusgt #2025 #friends #friendships #love #relationships #virtustsi",9,"04/09/2025 05:10",https://www.instagram.com/reel/DIOa9Sdt5Pw/,"IG reel",,Lifetime,3782,2392,187,11,,2,8
18065069911981372,17841455248441026,yellowbumblebeegt,"VW Bumblebee GT","I can be your superman 

#yellowbumblebeegt
#carguys#cargirls
#cargasm#carlife #carkids #virtusgt #2025 #friends #friendships #love #relationships #virtustsi",12,"04/10/2025 05:15",https://www.instagram.com/reel/DIRAVaetiJK/,"IG reel",,Lifetime,2144,1394,94,8,,1,5
18055015159981791,17841455248441026,yellowbumblebeegt,"VW Bumblebee GT","Two things a man needs 
A bmw and a family",7,"04/10/2025 21:52",https://www.instagram.com/reel/DISyHhegP8K/,"IG reel",,Lifetime,3933,2411,226,14,,0,13
18138297493388186,17841455248441026,yellowbumblebeegt,"VW Bumblebee GT","Koi na ye 2 chiz toh mil gayi 

#yellowbumblebeegt
#carguys#cargirls
#cargasm#carlife #carkids #virtusgt #2025 #friends #friendships #love #relationships #virtustsi",0,"04/11/2025 01:00",https://www.instagram.com/p/DITH7cNNg1w/,"IG image",,Lifetime,14461,11582,381,58,2,0,18
18021283346680388,17841455248441026,yellowbumblebeegt,"VW Bumblebee GT","These are the thoughts that surround my mind ;) 

#yellowbumblebeegt
#carguys#cargirls
#cargasm#carlife #carkids #virtusgt #2025 #friends #friendships #love #relationships #virtustsi",11,"04/11/2025 01:30",https://www.instagram.com/reel/DITLYpJN26h/,"IG reel",,Lifetime,4313,2730,192,42,,14,26
17849598750398551,17841455248441026,yellowbumblebeegt,"VW Bumblebee GT","Oooh smooth 😮‍💨😮‍💨

#yellowbumblebeegt
#carguys#cargirls
#cargasm#carlife #carkids #virtusgt #2025 #friends #friendships #love #relationships #virtustsi",9,"04/11/2025 04:30",https://www.instagram.com/reel/DITf8uGtieZ/,"IG reel",,Lifetime,7796,4259,165,60,,10,13
18060687533021914,17841455248441026,yellowbumblebeegt,"VW Bumblebee GT","Yeah that’s my companion ☺️

#yellowbumblebeegt
#carguys#cargirls
#cargasm#carlife #carkids #virtusgt #2025 #friends #friendships #love #relationships #virtustsi",6,"04/12/2025 01:30",https://www.instagram.com/reel/DIVwKmtp-TE/,"IG reel",,Lifetime,5708,3259,384,28,,0,17
18036792026545500,17841455248441026,yellowbumblebeegt,"VW Bumblebee GT","I can bet you on this 

#yellowbumblebeegt
#carguys#cargirls
#cargasm#carlife #carkids #virtusgt #2025 #friends #friendships #love #relationships #virtustsi",6,"04/12/2025 04:30",https://www.instagram.com/reel/DIWEtu6t-D2/,"IG reel",,Lifetime,3520,2110,92,5,,3,10
17900223876155463,17841455248441026,yellowbumblebeegt,"VW Bumblebee GT","Apologies accepted ;) 

#yellowbumblebeegt
#carguys#cargirls
#cargasm#carlife #carkids #virtusgt #2025 #friends #friendships #love #relationships #virtustsi",0,"04/13/2025 01:15",https://www.instagram.com/p/DIYTQsbNUFR/,"IG carousel",,Lifetime,8267,6179,413,16,2,0,21
18009199313723942,17841455248441026,yellowbumblebeegt,"VW Bumblebee GT","Gotta know it to believe it 

#yellowbumblebeegt
#carguys#cargirls
#cargasm#carlife #carkids #virtusgt #2025 #friends #friendships #love #relationships #virtustsi",6,"04/13/2025 01:30",https://www.instagram.com/reel/DIYU-T1JDlI/,"IG reel",,Lifetime,13161,6279,651,87,1,1,48
17874125499321539,17841455248441026,yellowbumblebeegt,"VW Bumblebee GT","That’s a true friend that you need 

#yellowbumblebeegt
#carguys#cargirls
#cargasm#carlife #carkids #virtusgt #2025 #friends #friendships #love #relationships #virtustsi",10,"04/13/2025 05:30",https://www.instagram.com/reel/DIYwbTsp82A/,"IG reel",,Lifetime,3503,2328,274,62,,0,31
18493346953032867,17841455248441026,yellowbumblebeegt,"VW Bumblebee GT","Yeah and that’s a fact, face it 

#yellowbumblebeegt
#carguys#cargirls
#cargasm#carlife #carkids #virtusgt #2025 #friends #friendships #love #relationships #virtustsi",6,"04/14/2025 01:25",https://www.instagram.com/reel/DIa5NM3JKRC/,"IG reel",,Lifetime,3332,1956,79,12,,0,7
18066335467781099,17841455248441026,yellowbumblebeegt,"VW Bumblebee GT","Best caption gets pinned 

#yellowbumblebeegt
#carguys#cargirls
#cargasm#carlife #carkids #virtusgt #2025 #friends #friendships #love #relationships #virtustsi",0,"04/15/2025 01:00",https://www.instagram.com/p/DIdbC27pwwD/,"IG carousel",,Lifetime,39105,31594,2133,790,12,13,133
18050821442038249,17841455248441026,yellowbumblebeegt,"VW Bumblebee GT","Fell so hard man 

#yellowbumblebeegt
#carguys#cargirls
#cargasm#carlife #carkids #virtusgt #2025 #friends #friendships #love #relationships #virtustsi",8,"04/15/2025 05:00",https://www.instagram.com/reel/DId2lsntme9/,"IG reel",,Lifetime,2362,1628,75,5,,0,6
18092945311569851,17841455248441026,yellowbumblebeegt,"VW Bumblebee GT","On loop 🔁 

#virtusgt #yellowbumblebeegt #carguys #cargirls #palpal",19,"04/16/2025 00:50",https://www.instagram.com/reel/DIf9guTAucZ/,"IG reel",,Lifetime,2479,1782,170,4,1,0,5
18023669030682962,17841455248441026,yellowbumblebeegt,"VW Bumblebee GT","Tell me in the comments ? 

#yellowbumblebeegt
#carguys#cargirls
#cargasm#carlife #carkids #virtusgt #2025 #friends #friendships #love #relationships #virtustsi",5,"04/16/2025 05:00",https://www.instagram.com/reel/DIv3k0nNiKV/,"IG reel",,Lifetime,12015,5196,510,16,4,42,14
17875215129304123,17841455248441026,yellowbumblebeegt,"VW Bumblebee GT","Are you also looking for the same thing ? Then you’re at the right place 

#yellowbumblebeegt
#carguys#cargirls
#cargasm#carlife #carkids #virtusgt #2025 #friends #friendships #love #relationships #virtustsi",0,"04/17/2025 01:00",https://www.instagram.com/p/DIikn6nJAQf/,"IG carousel",,Lifetime,39074,29245,2411,1098,5,7,94
17916473393981609,17841455248441026,yellowbumblebeegt,"VW Bumblebee GT","That’s enough 

#yellowbumblebeegt
#carguys#cargirls
#cargasm#carlife #carkids #virtusgt #2025 #friends #friendships #love #relationships #virtustsi",6,"04/17/2025 05:00",https://www.instagram.com/reel/DIjAMROtrqz/,"IG reel",,Lifetime,5035,2823,222,7,,2,30
17851589118429186,17841455248441026,yellowbumblebeegt,"VW Bumblebee GT","Like minds take people along to the top 

#yellowbumblebeegt
#carguys#cargirls
#cargasm#carlife #carkids #virtusgt #2025 #friends #friendships #love #relationships #virtustsi",9,"04/18/2025 05:00",https://www.instagram.com/reel/DIlk4_5tDpW/,"IG reel",,Lifetime,15611,9366,862,51,6,2,48
18051126476465764,17841455248441026,yellowbumblebeegt,"VW Bumblebee GT","There’s nothing negative about this one 

#yellowbumblebeegt
#carguys#cargirls
#cargasm#carlife #carkids #virtusgt #2025 #friends #friendships #love #relationships #virtustsi",0,"04/19/2025 00:40",https://www.instagram.com/p/DInr88UJS7X/,"IG carousel",,Lifetime,4107,2538,312,97,1,2,16
17964817232893867,17841455248441026,yellowbumblebeegt,"VW Bumblebee GT","Stay strong 💪 

#yellowbumblebeegt
#carguys#cargirls
#cargasm#carlife #carkids #virtusgt #2025 #friends #friendships #love #relationships #virtustsi",8,"04/19/2025 05:00",https://www.instagram.com/reel/DIoJx8DNnVV/,"IG reel",,Lifetime,3154,2079,174,12,,1,7
17978951993693062,17841455248441026,yellowbumblebeegt,"VW Bumblebee GT","See it for yourself 

#yellowbumblebeegt
#carguys#cargirls
#cargasm#carlife #carkids #virtusgt #2025 #friends #friendships #love #relationships #virtustsi",9,"04/20/2025 04:55",https://www.instagram.com/reel/DIqt92LtGfW/,"IG reel",,Lifetime,3385,1972,198,15,,1,12
17918790366078445,17841455248441026,yellowbumblebeegt,"VW Bumblebee GT","That’s the plan 

#yellowbumblebeegt
#carguys#cargirls
#cargasm#carlife #carkids #virtusgt #2025 #friends #friendships #love #relationships #virtustsi",0,"04/21/2025 00:55",https://www.instagram.com/p/DIs3SvUJwrq/,"IG image",,Lifetime,101601,79153,7136,2953,15,29,306
18056785342933364,17841455248441026,yellowbumblebeegt,"VW Bumblebee GT","Know your limits bro 

#yellowbumblebeegt
#carguys#cargirls
#cargasm#carlife #carkids #virtusgt #2025 #friends #friendships #love #relationships #virtustsi",3,"04/21/2025 05:00",https://www.instagram.com/reel/DItTXEvtGs1/,"IG reel",,Lifetime,1614,693,45,1,,2,1
18110476321473412,17841455248441026,yellowbumblebeegt,"VW Bumblebee GT","I’ll say S class and Corvette Stingray 

#yellowbumblebeegt
#carguys#cargirls
#cargasm#carlife #carkids #virtusgt #2025 #friends #friendships #love #relationships #virtustsi",9,"04/22/2025 05:00",https://www.instagram.com/reel/DIv4Ha5Nbne/,"IG reel",,Lifetime,2858,1820,76,0,,12,0
18025072274454530,17841455248441026,yellowbumblebeegt,"VW Bumblebee GT","Verna is faster and better than Virtus. Virtus isn’t even a proper German and what not …..

#yellowbumblebeegt
#carguys#cargirls
#cargasm#carlife #carkids #virtusgt #2025 #friends #friendships #love #relationships #virtustsi",0,"04/23/2025 01:10",https://www.instagram.com/p/DIyCii7JH_u/,"IG carousel",,Lifetime,3002,1784,216,7,,4,5
17916676704088238,17841455248441026,yellowbumblebeegt,"VW Bumblebee GT","Virtus GT in Disney Pixar Cars 

#yellowbumblebeegt
#carguys#cargirls
#cargasm#carlife #carkids #virtusgt #2025 #friends #friendships #love #relationships #virtustsi",12,"04/23/2025 04:55",https://www.instagram.com/reel/DIycZN8tQHx/,"IG reel",,Lifetime,4065,2754,281,11,,4,10
18072264181873872,17841455248441026,yellowbumblebeegt,"VW Bumblebee GT","Private is always better 

#yellowbumblebeegt
#carguys#cargirls
#cargasm#carlife #carkids #virtusgt #2025 #friends #friendships #love #relationships #virtustsi",6,"04/24/2025 04:55",https://www.instagram.com/reel/DI1BHgptT0l/,"IG reel",,Lifetime,3473,2013,143,5,,0,8
17965432658860868,17841455248441026,yellowbumblebeegt,"VW Bumblebee GT","Any problems 1 solution. Drive a Volkswagen Virtus 😙

#yellowbumblebeegt #carguys #2025 #carmemes #vw #virtusgt #volkswagenindia #virtustsi #carguy #cargirls #cargirl #germancars #vagindia",0,"04/25/2025 00:55",https://www.instagram.com/p/DI3Kdmwg0VE/,"IG carousel",,Lifetime,2492,1480,138,24,,1,11
18076431058749198,17841455248441026,yellowbumblebeegt,"VW Bumblebee GT","I’m fast 💨 

#yellowbumblebeegt
#carguys#cargirls
#cargasm#carlife #carkids #virtusgt #2025 #friends #friendships #love #relationships #virtustsi",13,"04/25/2025 04:30",https://www.instagram.com/reel/DI3jEpyNFkj/,"IG reel",,Lifetime,3225,2213,191,9,1,0,5
18301805869242687,17841455248441026,yellowbumblebeegt,"VW Bumblebee GT","Everyone’s gotta a pasandida car 

#yellowbumblebeegt
#carguys#cargirls
#cargasm#carlife #carkids #virtusgt #2025 #friends #friendships #love #relationships #virtustsi",15,"04/25/2025 04:30",https://www.instagram.com/reel/DI3jCOsN35k/,"IG reel",,Lifetime,2721,1943,242,22,1,0,10
18047641967078755,17841455248441026,yellowbumblebeegt,"VW Bumblebee GT","Always Verna vs Virtus 

#yellowbumblebeegt
#carguys#cargirls
#cargasm#carlife #carkids #virtusgt #2025 #friends #friendships #love #relationships #virtustsi",11,"04/26/2025 01:30",https://www.instagram.com/reel/DI5zNlqNKBp/,"IG reel",,Lifetime,3633,2346,175,16,1,4,10
18087733708609345,17841455248441026,yellowbumblebeegt,"VW Bumblebee GT","Samajh lo 

#yellowbumblebeegt
#carguys#cargirls
#cargasm#carlife #carkids #virtusgt #2025 #friends #friendships #love #relationships #virtustsi",10,"04/26/2025 04:30",https://www.instagram.com/reel/DI6H2bkNADF/,"IG reel",,Lifetime,1993,1416,143,9,,0,12
